MRGID,ELEVCLASSMIN,ELEVCLASSMAX,deepsea_area,deepsea_area_km2,eez_v11_GEONAME,eez_v11_MRGID_TER1,eez_v11_POL_TYPE,eez_v11_MRGID_SOV1,eez_v11_TERRITORY1,eez_v11_ISO_TER1,eez_v11_SOVEREIGN1,eez_v11_MRGID_TER2,eez_v11_MRGID_SOV2,eez_v11_TERRITORY2,eez_v11_ISO_TER2,eez_v11_SOVEREIGN2,eez_v11_MRGID_TER3,eez_v11_MRGID_SOV3,eez_v11_TERRITORY3,eez_v11_ISO_TER3,eez_v11_SOVEREIGN3,eez_v11_X_1,eez_v11_Y_1,eez_v11_MRGID_EEZ,eez_v11_AREA_KM2,eez_v11_ISO_SOV1,eez_v11_ISO_SOV2,eez_v11_ISO_SOV3,eez_v11_UN_SOV1,eez_v11_UN_SOV2,eez_v11_UN_SOV3,eez_v11_UN_TER1,eez_v11_UN_TER2,eez_v11_UN_TER3
"5670",0.5,1.5,5814475830.89851,"5814",Albanian Exclusive Economic Zone,2153,200NM,2153,Albania,ALB,Albania,0,0,,,,0,0,,,,19.11300,40.92708,5670,12165,ALB,,,"8",,,"8",,
"5672",0.5,1.5,22808170495.7852,"22808",Bulgarian Exclusive Economic Zone,2174,200NM,2174,Bulgaria,BGR,Bulgaria,0,0,,,,0,0,,,,29.20165,42.93396,5672,34745,BGR,,,"100",,,"100",,
"5673",0.5,1.5,10866439331.6625,"10866",Croatian Exclusive Economic Zone,2160,200NM,2160,Croatia,HRV,Croatia,0,0,,,,0,0,,,,15.65218,43.43006,5673,55404,HRV,,,"191",,,"191",,
"5674",0.5,1.5,832222810.798872,"832",Danish Exclusive Economic Zone,2157,200NM,2157,Denmark,DNK,Denmark,0,0,,,,0,0,,,,9.24983,56.14213,5674,105021,DNK,,,"208",,,"208",,
"5675",0.5,1.5,3833523.40288693,"4",Estonian Exclusive Economic Zone,2110,200NM,2110,Estonia,EST,Estonia,0,0,,,,0,0,,,,23.00232,58.77012,5675,36451,EST,,,"233",,,"233",,
"5676",0.5,1.5,324700753.767366,"325",Finnish Exclusive Economic Zone,2106,200NM,2106,Finland,FIN,Finland,0,0,,,,0,0,,,,21.88919,61.75484,5676,81553,FIN,,,"246",,,"246",,
"5677",0.5,1.5,175549437039.314,"175549",French Exclusive Economic Zone,17,200NM,17,France,FRA,France,0,0,,,,0,0,,,,-1.96613,46.04212,5677,345240,FRA,,,"250",,,"250",,
"5678",0.5,1.5,20396527806.3418,"20397",Georgian Exclusive Economic Zone,2102,200NM,2102,Georgia,GEO,Georgia,0,0,,,,0,0,,,,40.56174,42.44625,5678,22944,GEO,,,"268",,,"268",,
"5679",0.5,1.5,413607783641.86,"413608",Greek Exclusive Economic Zone,2099,200NM,2099,Greece,GRC,Greece,0,0,,,,0,0,,,,23.93245,36.50714,5679,482910,GRC,,,"300",,,"300",,
"5680",0.5,1.5,650523710576.752,"650524",Icelandic Exclusive Economic Zone,2129,200NM,2129,Iceland,ISL,Iceland,0,0,,,,0,0,,,,-18.44845,64.69826,5680,763239,ISL,,,"352",,,"352",,
"5681",0.5,1.5,278095873373.896,"278096",Irish Exclusive Economic Zone,2114,200NM,2114,Ireland,IRL,Ireland,0,0,,,,0,0,,,,-11.74631,52.65269,5681,427039,IRL,,,"372",,,"372",,
"5682",0.5,1.5,422371879598.535,"422372",Italian Exclusive Economic Zone,2133,200NM,2133,Italy,ITA,Italy,0,0,,,,0,0,,,,12.92786,39.65467,5682,536654,ITA,,,"380",,,"380",,
"5683",0.5,1.5,921945731.171393,"922",Latvian Exclusive Economic Zone,2132,200NM,2132,Latvia,LVA,Latvia,0,0,,,,0,0,,,,21.35197,57.10433,5683,28353,LVA,,,"428",,,"428",,
"5685",0.5,1.5,45062332758.968,"45062",Maltese Exclusive Economic Zone,2217,200NM,2217,Malta,MLT,Malta,0,0,,,,0,0,,,,15.11121,35.31355,5685,52923,MLT,,,"470",,,"470",,
"5686",0.5,1.5,743583108685.287,"743583",Norwegian Exclusive Economic Zone,2252,200NM,2252,Norway,NOR,Norway,0,0,,,,0,0,,,,14.05714,68.18893,5686,933027,NOR,,,"578",,,"578",,
"5688",0.5,1.5,290653645294.306,"290654",Portuguese Exclusive Economic Zone,2243,200NM,2243,Portugal,PRT,Portugal,0,0,,,,0,0,,,,-10.92284,38.31921,5688,315501,PRT,,,"620",,,"620",,
"5689",0.5,1.5,6775483538.19907,"6775",Romanian Exclusive economic Zone,2241,200NM,2241,Romania,ROU,Romania,0,0,,,,0,0,,,,30.07850,44.24109,5689,29606,ROU,,,"642",,,"642",,
"5690",0.5,1.5,3549788905203.09,"3549789",Russian Exclusive economic Zone,2240,200NM,2240,Russia,RUS,Russia,0,0,,,,0,0,,,,93.55011,71.32490,5690,7734809,RUS,,,"643",,,"643",,
"5691",0.5,1.5,2809130758.85945,"2809",Montenegrin Exclusive economic Zone,17831,200NM,17831,Montenegro,MNE,Montenegro,0,0,,,,0,0,,,,18.68015,41.87023,5691,6383,MNE,,,"499",,,"499",,
"5693",0.5,1.5,490715309447.403,"490715",Spanish Exclusive Economic Zone,2185,200NM,2185,Spain,ESP,Spain,0,0,,,,0,0,,,,-4.15801,41.72201,5693,561763,ESP,,,"724",,,"724",,
"5694",0.5,1.5,2787120609.39505,"2787",Swedish Exclusive Economic Zone,2180,200NM,2180,Sweden,SWE,Sweden,0,0,,,,0,0,,,,18.11517,59.48550,5694,155347,SWE,,,"752",,,"752",,
"5695",0.5,1.5,58875589194.5196,"58876",Overlapping claim Ukrainian Exclusive Economic Zone,2196,Overlapping claim,2196,Ukraine,UKR,Ukraine,0,0,,,,0,0,,,,33.63465,44.95192,5695,136198,UKR,,,"804",,,"804",,
"5696",0.5,1.5,203078961822.458,"203079",United Kingdom Exclusive Economic Zone,2208,200NM,2208,United Kingdom,GBR,United Kingdom,0,0,,,,0,0,,,,-4.28967,56.77953,5696,731309,GBR,,,"826",,,"826",,
"5697",0.5,1.5,210086203891.118,"210086",Turkish Exclusive Economic Zone,2213,200NM,2213,Turkey,TUR,Turkey,0,0,,,,0,0,,,,33.22060,40.52224,5697,262233,TUR,,,"792",,,"792",,
"8308",0.5,1.5,467194191509.493,"467194",Cocos Islands Exclusive Economic Zone,8589,200NM,2147,Cocos Islands,CCK,Australia,0,0,,,,0,0,,,,96.85434,-12.03146,8308,467440,AUS,,,"36",,,"166",,
"8309",0.5,1.5,327946005772.448,"327946",Christmas Island Exclusive Economic Zone,8590,200NM,2147,Christmas Island,CXR,Australia,0,0,,,,0,0,,,,105.36523,-11.24358,8309,327994,AUS,,,"36",,,"162",,
"8310",0.5,1.5,427606267009.713,"427606",Norfolk Island Exclusive Economic Zone,8591,200NM,2147,Norfolk Island,NFK,Australia,0,0,,,,0,0,,,,167.92898,-29.09314,8310,430600,AUS,,,"36",,,"574",,
"8311",0.5,1.5,475249549879.668,"475250",Australian Exclusive Economic Zone (Macquarie Island),8592,200NM,2147,Macquarie Island,,Australia,0,0,,,,0,0,,,,158.64987,-54.87818,8311,475647,AUS,,,"36",,,,,
"8312",0.5,1.5,1128884113679.24,"1128884",New Caledonian Exclusive Economic Zone,2261,200NM,17,New Caledonia,NCL,France,0,0,,,,0,0,,,,163.20377,-21.01871,8312,1175971,FRA,,,"250",,,"540",,
"8313",0.5,1.5,615238087155.739,"615238",Vanuatu Exclusive Economic Zone,2202,200NM,2202,Vanuatu,VUT,Vanuatu,0,0,,,,0,0,,,,168.56883,-16.59488,8313,623424,VUT,,,"548",,,"548",,
"8314",0.5,1.5,1574562169605.8,"1574562",Solomon Islands Exclusive Economic Zone,8593,200NM,8593,Solomon Islands,SLB,Solomon Islands,0,0,,,,0,0,,,,163.68850,-10.05068,8314,1605325,SLB,,,"90",,,"90",,
"8315",0.5,1.5,611623361814.857,"611623",Palau Exclusive Economic Zone,8594,200NM,8594,Palau,PLW,Palau,0,0,,,,0,0,,,,133.06710,6.44073,8315,614807,PLW,,,"585",,,"585",,
"8316",0.5,1.5,2989450572094.45,"2989451",Micronesian Exclusive Economic Zone,8595,200NM,8595,Micronesia,FSM,Micronesia,0,0,,,,0,0,,,,150.32203,6.76930,8316,3010644,FSM,,,"583","0","0","583","0","0"
"8317",0.5,1.5,309220744224.826,"309221",Nauruan Exclusive Economic Zone,8596,200NM,8596,Nauru,NRU,Nauru,0,0,,,,0,0,,,,166.12396,-0.59113,8317,309261,NRU,,,"520",,,"520",,
"8318",0.5,1.5,1984462580269.32,"1984463",Marshall Islands Exclusive Economic Zone,2226,200NM,2226,Marshall Islands,MHL,Marshall Islands,0,0,,,,0,0,,,,167.48735,10.15204,8318,2001566,MHL,,,"584",,,"584",,
"8319",0.5,1.5,407041188997.716,"407041",Wake Island Exclusive Economic Zone,8597,200NM,2204,Wake Island,UMI,United States,0,0,,,,0,0,,,,166.53046,19.50326,8319,406970,USA,,,"840",,,"581",,
"8321",0.5,1.5,277406922569.864,"277407",Taiwanese Exclusive Economic Zone,2177,200NM,2177,Taiwan,TWN,Taiwan,0,0,,,,0,0,,,,118.71458,21.42076,8321,355433,TWN,,,"158","0","0","158","0","0"
"8322",0.5,1.5,1710956960636.09,"1710957",Philippines Exclusive Economic Zone,2245,200NM,2245,Philippines,PHL,Philippines,0,0,,,,0,0,,,,122.15314,12.24500,8322,1971033,PHL,,,"608",,,"608",,
"8323",0.5,1.5,4744757459529.23,"4744757",Australian Exclusive Economic Zone,2147,200NM,2147,Australia,AUS,Australia,0,0,,,,0,0,,,,138.08226,-27.36726,8323,6871622,AUS,,,"36",,,"36",,
"8324",0.5,1.5,2226791235233.65,"2226791",Papua New Guinean Exclusive Economic Zone,2237,200NM,2237,Papua New Guinea,PNG,Papua New Guinea,0,0,,,,0,0,,,,150.71774,-5.46159,8324,2399638,PNG,,,"598",,,"598",,
"8325",0.5,1.5,1245090193516.76,"1245090",Fijian Exclusive Economic Zone,2108,200NM,2108,Fiji,FJI,Fiji,0,0,,,,0,0,,,,95.36388,-17.98795,8325,1289978,FJI,,,"242",,,"242",,
"8326",0.5,1.5,749090814070.254,"749091",Tuvaluan Exclusive Economic Zone,2210,200NM,2210,Tuvalu,TUV,Tuvalu,0,0,,,,0,0,,,,74.28785,-7.81254,8326,753133,TUV,,,"798",,,"798",,
"8327",0.5,1.5,115668364822.825,"115668",South Korean Exclusive Economic Zone,8600,200NM,8600,South Korea,KOR,South Korea,0,0,,,,0,0,,,,127.57712,35.74071,8327,347671,KOR,,,"410",,,"410",,
"8328",0.5,1.5,77170514669.2547,"77171",North Korean Exclusive Economic Zone,8601,200NM,8601,North Korea,PRK,North Korea,0,0,,,,0,0,,,,128.99535,39.82785,8328,114379,PRK,,,"408",,,"408",,
"8332",0.5,1.5,67919833493.8737,"67920",Thailand Exclusive Economic Zone,2207,200NM,2207,Thailand,THA,Thailand,0,0,,,,0,0,,,,99.62868,9.16617,8332,298683,THA,,,"764",,,"764",,
"8333",0.5,1.5,635258132862.09,"635258",Indian Exclusive Economic Zone (Andaman and Nicobar Islands),8605,200NM,2128,Andaman and Nicobar,,India,0,0,,,,0,0,,,,92.18967,9.97738,8333,664448,IND,,,"356",,,,,
"8334",0.5,1.5,163193647155.275,"163194",Comoran Exclusive Economic Zone,2163,200NM,2163,Comores,COM,Comores,0,0,,,,0,0,,,,43.45423,-11.42314,8334,164476,COM,,,"174","0","0","174","0","0"
"8337",0.5,1.5,1291375891484.1,"1291376",Seychellois Exclusive Economic Zone,2192,200NM,2192,Seychelles,SYC,Seychelles,0,0,,,,0,0,,,,52.46886,-6.54776,8337,1341504,SYC,,,"690",,,"690",,
"8338",0.5,1.5,314848445821.691,"314848",Réunion Exclusive Economic Zone,8609,200NM,17,Réunion,REU,France,0,0,,,,0,0,,,,54.71328,-21.78197,8338,315151,FRA,,,"250",,,"638",,
"8339",0.5,1.5,61915907939.6502,"61916",Juan de Nova Exclusive Economic Zone,8610,200NM,17,Juan de Nova Island,ATF,France,0,0,,,,0,0,,,,42.09428,-17.30663,8339,62775,FRA,,,"250",,,"260",,
"8340",0.5,1.5,120678791903.387,"120679",Bassas da India Exclusive Economic Zone,31136,200NM,17,Bassas da India,ATF,France,0,0,,,,0,0,,,,39.42518,-20.86054,8340,120706,FRA,,,"250",,,"260",,
"8341",0.5,1.5,127938853161.057,"127939",Ile Europa Exclusive Economic Zone,8612,200NM,17,Europa Island,ATF,France,0,0,,,,0,0,,,,40.10928,-23.53682,8341,127936,FRA,,,"250",,,"260",,
"8343",0.5,1.5,1239023251390.63,"1239023",Mauritian Exclusive Economic Zone,8614,200NM,8614,Republic of Mauritius,MUS,Republic of Mauritius,0,0,,,,0,0,,,,60.11720,-16.81021,8343,1278182,MUS,,,"480",,,"480",,
"8345",0.5,1.5,892249093651.985,"892249",Maldives Exclusive Economic Zone,2229,200NM,2229,Maldives,MDV,Maldives,0,0,,,,0,0,,,,73.08337,2.48241,8345,920739,MDV,,,"462",,,"462",,
"8346",0.5,1.5,501610577522.525,"501611",Sri Lankan Exclusive Economic Zone,2195,200NM,2195,Sri Lanka,LKA,Sri Lanka,0,0,,,,0,0,,,,81.63607,6.54638,8346,533559,LKA,,,"144",,,"144",,
"8347",0.5,1.5,481683506089.17,"481684",Mozambican Exclusive Economic Zone,2220,200NM,2220,Mozambique,MOZ,Mozambique,0,0,,,,0,0,,,,37.95740,-20.37062,8347,566292,MOZ,,,"508",,,"508",,
"8348",0.5,1.5,1075207787428.05,"1075208",Madagascan Exclusive Economic Zone,7963,200NM,7963,Madagascar,MDG,Madagascar,0,0,,,,0,0,,,,47.25395,-20.91335,8348,1196285,MDG,,,"450",,,"450",,
"8349",0.5,1.5,105468434178.318,"105468",Kenyan Exclusive Economic Zone,2118,200NM,2118,Kenya,KEN,Kenya,0,0,,,,0,0,,,,41.79278,-3.53678,8349,113833,KEN,,,"404",,,"404",,
"8350",0.5,1.5,733070428165.058,"733070",Somali Exclusive Economic Zone,2187,200NM,2187,Federal Republic of Somalia,SOM,Federal Republic of Somalia,0,0,,,,0,0,,,,48.71860,5.38252,8350,781843,SOM,,,"706",,,"706",,
"8351",0.5,1.5,17509205803.3754,"17509",Eritrean Exclusive Economic Zone,2111,200NM,2111,Eritrea,ERI,Eritrea,0,0,,,,0,0,,,,40.59255,15.82346,8351,78110,ERI,,,"232",,,"232",,
"8352",0.5,1.5,4912151532.5427,"4912",Djiboutian Exclusive Economic Zone,2131,200NM,2131,Djibouti,DJI,Djibouti,0,0,,,,0,0,,,,43.43296,11.99710,8352,7223,DJI,,,"262",,,"262",,
"8353",0.5,1.5,474070335198.707,"474070",Yemeni Exclusive Economic Zone,2199,200NM,2199,Yemen,YEM,Yemen,0,0,,,,0,0,,,,52.06161,12.88906,8353,527384,YEM,,,"887",,,"887",,
"8354",0.5,1.5,502923525660.404,"502924",Omani Exclusive Economic Zone,2251,200NM,2251,Oman,OMN,Oman,0,0,,,,0,0,,,,58.66998,18.94915,8354,556490,OMN,,,"512",,,"512",,
"8355",0.5,1.5,49056555537.6156,"49057",Sudanese Exclusive Economic Zone,2183,200NM,2183,Sudan,SDN,Sudan,0,0,,,,0,0,,,,38.14367,19.74792,8355,62826,SDN,,,"729",,,"729",,
"8356",0.5,1.5,126379284506.469,"126379",Saudi Arabian Exclusive Economic Zone,2215,200NM,2215,Saudi Arabia,SAU,Saudi Arabia,0,0,,,,0,0,,,,40.48580,22.45463,8356,224219,SAU,,,"682",,,"682",,
"8359",0.5,1.5,174370289654.394,"174370",Pakistani Exclusive Economic Zone,2250,200NM,2250,Pakistan,PAK,Pakistan,0,0,,,,0,0,,,,64.71198,23.53952,8359,224374,PAK,,,"586",,,"586",,
"8360",0.5,1.5,1005947157.93301,"1006",United Arab Emirates Exclusive Economic Zone,2206,200NM,2206,United Arab Emirates,ARE,United Arab Emirates,0,0,,,,0,0,,,,53.89303,24.94396,8360,51674,ARE,,,"784",,,"784",,
"8361",0.5,1.5,958284207650.952,"958284",Portuguese Exclusive Economic Zone (Azores),2454,200NM,2243,Azores,,Portugal,0,0,,,,0,0,,,,-27.97601,38.47538,8361,960421,PRT,,,"620",,,,,
"8362",0.5,1.5,797027842195.658,"797028",Cape Verdean Exclusive Economic Zone,2168,200NM,2168,Cape Verde,CPV,Cape Verde,0,0,,,,0,0,,,,-24.17164,16.09190,8362,801936,CPV,,,"132",,,"132",,
"8363",0.5,1.5,451714376458.391,"451714",Portuguese Exclusive Economic Zone (Madeira),4956,200NM,2243,Madeira,,Portugal,0,0,,,,0,0,,,,-16.81091,33.17302,8363,452796,PRT,,,"620",,,,,
"8364",0.5,1.5,440155101877.961,"440155",Spanish Exclusive Economic Zone (Canary Islands),3743,200NM,2185,Canary Islands,,Spain,0,0,,,,0,0,,,,-17.61396,28.36715,8364,445910,ESP,,,"724",,,,,
"8365",0.5,1.5,345736514.677109,"346",Overlapping claim Gibraltarian Exclusive Economic Zone,3344,Overlapping claim,2208,Gibraltar,GIB,United Kingdom,2185,2185,Spain,ESP,Spain,0,0,,,,-5.21961,36.08832,8365,388,GIB,ESP,,"826","724",,"292","724",
"8366",0.5,1.5,32947189733.2157,"32947",Tunisian Exclusive Economic Zone,2214,200NM,2214,Tunisia,TUN,Tunisia,0,0,,,,0,0,,,,11.05319,36.00133,8366,99701,TUN,,,"788",,,"788",,
"8367",0.5,1.5,220443491222.665,"220443",Moroccan Exclusive Economic Zone,2221,200NM,2221,Morocco,MAR,Morocco,0,0,,,,0,0,,,,-9.85201,32.78135,8367,280452,MAR,,,"504",,,"504",,
"8368",0.5,1.5,222382584741.474,"222383",Overlapping claim Western Saharan Exclusive Economic Zone,8617,Overlapping claim,8617,Western Sahara,ESH,Western Sahara,8617,2221,Western Sahara,ESH,Morocco,0,0,,,,-17.69542,23.34236,8368,284054,ESH,MAR,,"732","504",,"732","732",
"8369",0.5,1.5,138505208517.068,"138505",Mauritanian Exclusive Economic Zone,2236,200NM,2236,Mauritania,MRT,Mauritania,0,0,,,,0,0,,,,-17.91755,18.24852,8369,173180,MRT,,,"478",,,"478",,
"8370",0.5,1.5,17076753351.4896,"17077",Gambian Exclusive Economic Zone,2113,200NM,2113,Gambia,GMB,Gambia,0,0,,,,0,0,,,,-18.38751,13.32867,8370,23097,GMB,,,"270",,,"270",,
"8371",0.5,1.5,133959748933.822,"133960",Senegalese Exclusive Economic Zone,2225,200NM,2225,Senegal,SEN,Senegal,0,0,,,,0,0,,,,-18.50357,13.69463,8371,158358,SEN,,,"686",,,"686",,
"8372",0.5,1.5,298161576490.834,"298162",Libyan Exclusive Economic Zone,2194,200NM,2194,Libya,LBY,Libya,0,0,,,,0,0,,,,18.49934,33.14300,8372,364524,LBY,,,"434",,,"434",,
"8373",0.5,1.5,9270983208.01373,"9271",Syrian Exclusive Economic Zone,3384,200NM,3384,Syria,SYR,Syria,0,0,,,,0,0,,,,35.49624,35.32871,8373,10269,SYR,,,"760",,,"760",,
"8374",0.5,1.5,18941494321.4883,"18941",Lebanese Exclusive Economic Zone,2098,200NM,2098,Lebanon,LBN,Lebanon,0,0,,,,0,0,,,,34.90392,33.90942,8374,20184,LBN,,,"422",,,"422",,
"8375",0.5,1.5,21678920868.3109,"21679",Israeli Exclusive Economic Zone,2123,200NM,2123,Israel,ISR,Israel,0,0,,,,0,0,,,,34.08805,32.57437,8375,24628,ISR,,,"376",,,"376",,
"8376",0.5,1.5,95632856075.3317,"95633",Cypriote Exclusive Economic Zone,2159,200NM,2159,Cyprus,CYP,Cyprus,0,0,,,,0,0,,,,32.63526,34.48929,8376,98450,CYP,,,"196",,,"196",,
"8378",0.5,1.5,121308141451.776,"121308",Algerian Exclusive Economic Zone,2152,200NM,2152,Algeria,DZA,Algeria,0,0,,,,0,0,,,,3.53979,37.20344,8378,131193,DZA,,,"12",,,"12",,
"8379",0.5,1.5,445912028517.752,"445912",Ascension Exclusive Economic Zone,8620,200NM,2208,Ascension,SHN,United Kingdom,0,0,,,,0,0,,,,-14.36337,-7.94747,8379,446005,GBR,,,"826",,,"654",,
"8380",0.5,1.5,448585073704.855,"448585",St. Helena Exclusive Economic Zone,8619,200NM,2208,Saint Helena,SHN,United Kingdom,0,0,,,,0,0,,,,-5.70869,-15.97278,8380,449215,GBR,,,"826",,,"654",,
"8381",0.5,1.5,472438062239.521,"472438",Brazilian Exclusive Economic Zone (Trindade),8622,200NM,2143,Trindade,,Brazil,0,0,,,,0,0,,,,-29.09644,-20.50277,8381,472481,BRA,,,"76",,,,,
"8382",0.5,1.5,756855788319.021,"756856",Tristan Da Cunha Exclusive Economic Zone,8621,200NM,2208,Tristan da Cunha,SHN,United Kingdom,0,0,,,,0,0,,,,-11.20987,-38.76190,8382,758168,GBR,,,"826",,,"654",,
"8383",0.5,1.5,1216606726630.38,"1216607",Overlapping claim South Georgia and South Sandwich Islands: UK / Argentina,8624,Overlapping claim,2208,South Georgia and the South Sandwich Islands,SGS,United Kingdom,8624,2149,South Georgia and the South Sandwich Islands,SGS,Argentina,0,0,,,,-31.26381,-56.52404,8383,1237783,GBR,ARG,,"826","32",,"239","239",
"8384",0.5,1.5,473180336677.781,"473180",South African Exclusive Economic Zone (Prince Edward Islands),22598,200NM,2176,Prince Edward Islands,,South Africa,0,0,,,,0,0,,,,37.80854,-46.83292,8384,474897,ZAF,,,"710",,,,,
"8385",0.5,1.5,569749185032.95,"569749",Crozet Islands Exclusive Economic Zone,8627,200NM,17,Crozet Islands,ATF,France,0,0,,,,0,0,,,,51.21218,-46.30696,8385,575375,FRA,,,"250",,,"260",,
"8386",0.5,1.5,512051991801.636,"512052",Amsterdam Island & St. Paul Island Exclusive Economic Zone,48979,200NM,17,Amsterdam and Saint Paul Islands,ATF,France,0,0,,,,0,0,,,,77.54181,-38.29431,8386,512188,FRA,,,"250",,,"260",,
"8387",0.5,1.5,489095498760.283,"489095",Kerguelen Exclusive Economic Zone,8630,200NM,17,Kerguélen,ATF,France,0,0,,,,0,0,,,,68.97460,-48.87795,8387,550817,FRA,,,"250",,,"260",,
"8388",0.5,1.5,413491659739.573,"413492",Heard and McDonald Islands Exclusive Economic Zone,8631,200NM,2147,Heard and McDonald Islands,HMD,Australia,0,0,,,,0,0,,,,73.73051,-53.49863,8388,417321,AUS,,,"36",,,"334",,
"8389",0.5,1.5,373924345871.348,"373924",Overlapping claim Falkland / Malvinas Islands: UK / Argentina,8623,Overlapping claim,2208,Falkland / Malvinas Islands,FLK,United Kingdom,8623,2149,Falkland / Malvinas Islands,FLK,Argentina,0,0,,,,-58.32237,-51.66703,8389,550566,GBR,ARG,,"826","32",,"238","238",
"8390",0.5,1.5,133148656800.488,"133149",Sierra Leonian Exclusive Economic Zone,2191,200NM,2191,Sierra Leone,SLE,Sierra Leone,0,0,,,,0,0,,,,-14.14468,6.63541,8390,160584,SLE,,,"694",,,"694",,
"8391",0.5,1.5,233135123802.675,"233135",Liberian Exclusive Economic Zone,2105,200NM,2105,Liberia,LBR,Liberia,0,0,,,,0,0,,,,-10.17763,3.80280,8391,251781,LBR,,,"430",,,"430",,
"8392",0.5,1.5,14282013834.5047,"14282",Togolese Exclusive Economic Zone,8632,200NM,8632,Togo,TGO,Togo,0,0,,,,0,0,,,,1.82135,4.63949,8392,15447,TGO,,,"768",,,"768",,
"8393",0.5,1.5,32211940811.7865,"32212",Beninese Exclusive Economic Zone,2139,200NM,2139,Benin,BEN,Benin,0,0,,,,0,0,,,,2.42123,4.84155,8393,35493,BEN,,,"204",,,"204",,
"8394",0.5,1.5,25611742364.1314,"25612",Congolese Exclusive Economic Zone,8633,200NM,8633,Republic of the Congo,COG,Republic of the Congo,0,0,,,,0,0,,,,10.59577,-5.33648,8394,33807,COG,,,"178",,,"178",,
"8395",0.5,1.5,468966701251.305,"468967",Namibian Exclusive Economic Zone,2218,200NM,2218,Namibia,NAM,Namibia,0,0,,,,0,0,,,,12.28547,-23.64969,8395,562212,NAM,,,"516",,,"516",,
"8396",0.5,1.5,914068005275.103,"914068",South African Exclusive Economic Zone,2176,200NM,2176,South Africa,ZAF,South Africa,0,0,,,,0,0,,,,24.44331,-33.50802,8396,1072679,ZAF,,,"710",,,"710",,
"8397",0.5,1.5,129167299836.379,"129167",Sao Tome and Principe Exclusive Economic Zone,2238,200NM,2238,Sao Tome and Principe,STP,Sao Tome and Principe,0,0,,,,0,0,,,,6.35335,0.77910,8397,130844,STP,,,"678",,,"678",,
"8398",0.5,1.5,292980701379.914,"292981",Equatorial Guinean Exclusive Economic Zone,2112,200NM,2112,Equatorial Guinea,GNQ,Equatorial Guinea,0,0,,,,0,0,,,,5.43745,-1.37183,8398,304133,GNQ,,,"226",,,"226",,
"8400",0.5,1.5,203895769834.021,"203896",Ghanaian Exclusive Economic Zone,2100,200NM,2100,Ghana,GHA,Ghana,0,0,,,,0,0,,,,-0.85027,3.50201,8400,227500,GHA,,,"288",,,"288",,
"8401",0.5,1.5,435639116879.835,"435639",Clipperton Exclusive Economic Zone,8635,200NM,17,Clipperton Island,,France,0,0,,,,0,0,,,,-109.21728,10.30869,8401,435657,FRA,,,"250",,,,,
"8402",0.5,1.5,463274301441.041,"463274",Bermudian Exclusive Economic Zone,8636,200NM,2208,Bermuda,BMU,United Kingdom,0,0,,,,0,0,,,,-64.80693,32.36899,8402,464389,GBR,,,"826",,,"60",,
"8403",0.5,1.5,833571978073.532,"833572",Ecuadorian Exclusive Economic Zone (Galapagos),5660,200NM,2166,Galapagos,,Ecuador,0,0,,,,0,0,,,,-90.83174,-0.04184,8403,841438,ECU,,,"218",,,,,
"8404",0.5,1.5,498859801737.643,"498860",Bahamas Exclusive Economic Zone,2144,200NM,2144,Bahamas,BHS,Bahamas,0,0,,,,0,0,,,,-75.57785,25.11716,8404,619785,BHS,,,"44",,,"44",,
"8405",0.5,1.5,85856453190.1377,"85856",Turks and Caicos Exclusive Economic Zone,2211,200NM,2208,Turks and Caicos Islands,TCA,United Kingdom,0,0,,,,0,0,,,,-70.85361,22.80987,8405,91025,GBR,,,"826",,,"796",,
"8406",0.5,1.5,295004204123.49,"295004",Cuban Exclusive Economic Zone,8637,200NM,8637,Cuba,CUB,Cuba,0,0,,,,0,0,,,,-81.53050,21.60004,8406,352259,CUB,,,"192",,,"192",,
"8407",0.5,1.5,117835501628.698,"117836",Cayman Islands Exclusive Economic Zone,8638,200NM,2208,Cayman Islands,CYM,United Kingdom,0,0,,,,0,0,,,,-81.13914,19.15345,8407,118291,GBR,,,"826",,,"136",,
"8408",0.5,1.5,98358318110.0027,"98358",Haitian Exclusive Economic Zone,8639,200NM,8639,Haiti,HTI,Haiti,0,0,,,,0,0,,,,-73.54856,17.91219,8408,103485,HTI,,,"332",,,"332",,
"8409",0.5,1.5,339168131524.227,"339168",Dominican Republic Exclusive Economic Zone,8640,200NM,8640,Dominican Republic,DOM,Dominican Republic,0,0,,,,0,0,,,,-69.67224,19.13826,8409,350694,DOM,,,"214",,,"214",,
"8411",0.5,1.5,78559764053.1861,"78560",British Virgin Islands Exclusive Economic Zone,8653,200NM,2208,British Virgin Islands,VGB,United Kingdom,0,0,,,,0,0,,,,-64.50497,20.38988,8411,81555,GBR,,,"826",,,"92",,
"8412",0.5,1.5,88006903377.7082,"88007",Anguilla Exclusive Economic Zone,8643,200NM,2208,Anguilla,AIA,United Kingdom,0,0,,,,0,0,,,,-62.54329,20.01803,8412,90164,GBR,,,"826",,,"660",,
"8413",0.5,1.5,8729117545.93885,"8729",Saint Kitts and Nevis Exclusive Economic Zone,8644,200NM,8644,Saint Kitts and Nevis,KNA,Saint Kitts and Nevis,0,0,,,,0,0,,,,-62.90578,16.99022,8413,9502,KNA,,,"659",,,"659",,
"8414",0.5,1.5,107652491556.169,"107652",Antigua and Barbuda Exclusive Economic Zone,8645,200NM,8645,Antigua and Barbuda,ATG,Antigua and Barbuda,0,0,,,,0,0,,,,-60.57064,18.73279,8414,111568,ATG,,,"28",,,"28",,
"8415",0.5,1.5,7065732356.97099,"7066",Montserrat Exclusive Economic Zone,8646,200NM,2208,Montserrat,MSR,United Kingdom,0,0,,,,0,0,,,,-62.48384,16.41292,8415,7188,GBR,,,"826",,,"500",,
"8416",0.5,1.5,14800588761.7684,"14801",Saint Lucia Exclusive Economic Zone,8647,200NM,8647,Saint Lucia,LCA,Saint Lucia,0,0,,,,0,0,,,,-61.10359,13.87770,8416,15413,LCA,,,"662",,,"662",,
"8417",0.5,1.5,28146935905.5465,"28147",Dominican Exclusive Economic Zone,8648,200NM,8648,Dominica,DMA,Dominica,0,0,,,,0,0,,,,-60.72114,15.49739,8417,28552,DMA,,,"212",,,"212",,
"8418",0.5,1.5,184678701451.683,"184679",Barbados Exclusive Economic Zone,8649,200NM,8649,Barbados,BRB,Barbados,0,0,,,,0,0,,,,-57.99356,13.32288,8418,185007,BRB,,,"52",,,"52",,
"8419",0.5,1.5,23145830620.0332,"23146",Grenadian Exclusive Economic Zone,8650,200NM,8650,Grenada,GRD,Grenada,0,0,,,,0,0,,,,-62.05881,12.24388,8419,25571,GRD,,,"308",,,"308",,
"8420",0.5,1.5,53152628248.255,"53153",Trinidad and Tobago Exclusive Economic Zone,2186,200NM,2186,Trinidad and Tobago,TTO,Trinidad and Tobago,0,0,,,,0,0,,,,-59.98478,10.95788,8420,76562,TTO,,,"780",,,"780",,
"8421",0.5,1.5,34274255833.1722,"34274",Saint Vincent and the Grenadines Exclusive Economic Zone,8651,200NM,8651,Saint Vincent and the Grenadines,VCT,Saint Vincent and the Grenadines,0,0,,,,0,0,,,,-61.69442,13.15805,8421,36244,VCT,,,"670",,,"670",,
"8423",0.5,1.5,280132758732.871,"280133",Panamanian Exclusive Economic Zone,2249,200NM,2249,Panama,PAN,Panama,0,0,,,,0,0,,,,-80.34583,8.28880,8423,331318,PAN,,,"591",,,"591",,
"8424",0.5,1.5,563346743975.043,"563347",Costa Rican Exclusive Economic Zone,2162,200NM,2162,Costa Rica,CRI,Costa Rica,0,0,,,,0,0,,,,-86.50737,6.73691,8424,581726,CRI,,,"188",,,"188",,
"8425",0.5,1.5,131867420686.266,"131867",Nicaraguan Exclusive Economic Zone,2255,200NM,2255,Nicaragua,NIC,Nicaragua,0,0,,,,0,0,,,,-83.49562,12.81975,8425,213813,NIC,,,"558",,,"558",,
"8426",0.5,1.5,670910472444.399,"670910",Colombian Exclusive Economic Zone,2175,200NM,2175,Colombia,COL,Colombia,0,0,,,,0,0,,,,-78.06222,8.60754,8426,718338,COL,,,"170",,,"170",,
"8427",0.5,1.5,147430816977.954,"147431",Honduran Exclusive Economic Zone,2103,200NM,2103,Honduras,HND,Honduras,0,0,,,,0,0,,,,-83.84845,16.91154,8427,208636,HND,,,"340",,,"340",,
"8428",0.5,1.5,76681395700.1679,"76681",El Salvador Exclusive Economic Zone,2135,200NM,2135,El Salvador,SLV,El Salvador,0,0,,,,0,0,,,,-89.74411,11.84859,8428,95099,SLV,,,"222",,,"222",,
"8429",0.5,1.5,2770878062930.01,"2770878",Mexican Exclusive Economic Zone,2224,200NM,2224,Mexico,MEX,Mexico,0,0,,,,0,0,,,,-105.33346,21.35018,8429,3187013,MEX,,,"484",,,"484",,
"8430",0.5,1.5,95388451654.1075,"95388",Guatemalan Exclusive Economic Zone,2097,200NM,2097,Guatemala,GTM,Guatemala,0,0,,,,0,0,,,,-92.09080,12.55243,8430,110695,GTM,,,"320",,,"320",,
"8431",0.5,1.5,207925192788.191,"207925",Ecuadorian Exclusive Economic Zone,2166,200NM,2166,Ecuador,ECU,Ecuador,0,0,,,,0,0,,,,-82.20864,-0.96556,8431,236293,ECU,,,"218",,,"218",,
"8432",0.5,1.5,766703586656.137,"766704",Peruvian Exclusive Economic Zone,2257,200NM,2257,Peru,PER,Peru,0,0,,,,0,0,,,,-78.88478,-11.89940,8432,854698,PER,,,"604",,,"604",,
"8433",0.5,1.5,362956494686.917,"362956",Venezuelan Exclusive Economic Zone,2201,200NM,2201,Venezuela,VEN,Venezuela,0,0,,,,0,0,,,,-65.91423,12.78887,8433,472546,VEN,,,"862",,,"862",,
"8435",0.5,1.5,238986801915.989,"238987",Faeroe Exclusive Economic Zone,3297,200NM,2157,Faeroe,FRO,Denmark,0,0,,,,0,0,,,,-6.99690,62.59460,8435,265632,DNK,,,"208",,,"234",,
"8437",0.5,1.5,290309915887.459,"290310",Jan Mayen Exclusive Economic Zone,5343,200NM,2252,Jan Mayen,SJM,Norway,0,0,,,,0,0,,,,-5.25129,71.11421,8437,292907,NOR,,,"578",,,"744",,
"8438",0.5,1.5,1929008822187.18,"1929009",Greenlandic Exclusive Economic Zone,2260,200NM,2157,Greenland,GRL,Denmark,0,0,,,,0,0,,,,-31.97096,75.47965,8438,2268623,DNK,,,"208",,,"304",,
"8439",0.5,1.5,841946338512.293,"841946",Pitcairn Islands Exclusive Economic Zone,2259,200NM,2208,Pitcairn,PCN,United Kingdom,0,0,,,,0,0,,,,-127.42131,-24.60623,8439,842291,GBR,,,"826",,,"612",,
"8440",0.5,1.5,4745864278269.57,"4745864",French Polynesian Exclusive Economic Zone,8656,200NM,17,French Polynesia,PYF,France,0,0,,,,0,0,,,,-144.00327,-18.73634,8440,4766689,FRA,,,"250",,,"258",,
"8441",0.5,1.5,1639335247059.67,"1639335",Kiribati Exclusive Economic Zone (Line Islands),8657,200NM,2116,Line Group,KIR,Kiribati,0,0,,,,0,0,,,,-154.72634,-3.82154,8441,1641193,KIR,,,"296",,,"296",,
"8442",0.5,1.5,323379356878.292,"323379",Jarvis Island Exclusive Economic Zone,8668,200NM,2204,Jarvis Island,UMI,United States,0,0,,,,0,0,,,,-160.46839,-0.91400,8442,323186,USA,,,"840",,,"581",,
"8443",0.5,1.5,353952064466.399,"353952",Palmyra Atoll Exclusive Economic Zone,8669,200NM,2204,Palmyra Atoll,UMI,United States,0,0,,,,0,0,,,,-162.89881,6.68794,8443,353670,USA,,,"840",,,"581",,
"8444",0.5,1.5,405392436245.426,"405392",American Samoa Exclusive Economic Zone,8670,200NM,2204,American Samoa,ASM,United States,0,0,,,,0,0,,,,-169.06347,-13.85484,8444,405830,USA,,,"840",,,"16",,
"8445",0.5,1.5,128663060590.726,"128663",Samoan Exclusive Economic Zone,8671,200NM,8671,Samoa,WSM,Samoa,0,0,,,,0,0,,,,-172.75372,-13.29687,8445,130480,WSM,,,"882",,,"882",,
"8446",0.5,1.5,1969872829462.31,"1969873",Cook Islands Exclusive Economic Zone,8672,200NM,2227,Cook Islands,COK,New Zealand,0,0,,,,0,0,,,,-161.30341,-15.01891,8446,1969553,NZL,,,"554",,,"184",,
"8447",0.5,1.5,318024963173.883,"318025",Niue Exclusive Economic Zone,8673,200NM,2227,Niue,NIU,New Zealand,0,0,,,,0,0,,,,-169.33138,-19.52315,8447,318140,NZL,,,"554",,,"570",,
"8448",0.5,1.5,657771266479.403,"657771",Tongan Exclusive Economic Zone,8674,200NM,8674,Tonga,TON,Tonga,0,0,,,,0,0,,,,-174.76586,-20.22175,8448,666052,TON,,,"776",,,"776",,
"8449",0.5,1.5,320531603567.878,"320532",Tokelau Exclusive Economic Zone,8675,200NM,2227,Tokelau,TKL,New Zealand,0,0,,,,0,0,,,,-172.08495,-8.63257,8449,320548,NZL,,,"554",,,"772",,
"8450",0.5,1.5,745308029474.728,"745308",Kiribati Exclusive Economic Zone (Phoenix Islands),8658,200NM,2116,Phoenix Group,KIR,Kiribati,0,0,,,,0,0,,,,-172.45397,-3.73181,8450,745782,KIR,,,"296",,,"296",,
"8451",0.5,1.5,434922915396.43,"434923",Howland and Baker Islands Exclusive Economic Zone,48684,200NM,2204,Howland and Baker islands,UMI,United States,0,0,,,,0,0,,,,-176.72727,0.79130,8451,434894,USA,,,"840",,,"581",,
"8452",0.5,1.5,442244209863.506,"442244",Johnston Atoll Exclusive Economic Zone,8678,200NM,2204,Johnston Atoll,UMI,United States,0,0,,,,0,0,,,,-169.50612,16.75109,8452,442443,USA,,,"840",,,"581",,
"8453",0.5,1.5,2454394242655.2,"2454394",United States Exclusive Economic Zone (Hawaii),8679,200NM,2204,Hawaii,,United States,0,0,,,,0,0,,,,-151.05753,24.04099,8453,2474715,USA,,,"840",,,,,
"8454",0.5,1.5,260952162144.808,"260952",Wallis and Futuna Exclusive Economic Zone,8680,200NM,17,Wallis and Futuna,WLF,France,0,0,,,,0,0,,,,-172.77595,-12.79664,8454,262750,FRA,,,"250",,,"876",,
"8455",0.5,1.5,3830431349503.93,"3830431",New Zealand Exclusive Economic Zone,2227,200NM,2227,New Zealand,NZL,New Zealand,0,0,,,,0,0,,,,71.72752,-42.76594,8455,4104551,NZL,,,"554",,,"554",,
"8456",0.5,1.5,1681902624779.99,"1681903",United States Exclusive Economic Zone,2204,200NM,2204,United States,USA,United States,0,0,,,,0,0,,,,-95.82290,34.76294,8456,2451023,USA,,,"840",,,"840",,
"8457",0.5,1.5,24186476338.6802,"24186",Belizean Exclusive Economic Zone,8681,200NM,8681,Belize,BLZ,Belize,0,0,,,,0,0,,,,-87.59320,17.18774,8457,34312,BLZ,,,"84",,,"84",,
"8459",0.5,1.5,243219970154.524,"243220",Jamaican Exclusive Economic Zone,8682,200NM,8682,Jamaica,JAM,Jamaica,0,0,,,,0,0,,,,-77.29089,16.66861,8459,256909,JAM,,,"388",,,"388",,
"8460",0.5,1.5,85010411622.6284,"85010",Guyanese Exclusive Economic Zone,2124,200NM,2124,Guyana,GUY,Guyana,0,0,,,,0,0,,,,-57.64094,8.61338,8460,135060,GUY,,,"328",,,"328",,
"8461",0.5,1.5,76320402468.6366,"76320",Surinamese Exclusive Economic Zone,2182,200NM,2182,Suriname,SUR,Suriname,0,0,,,,0,0,,,,-54.77617,7.58813,8461,133303,SUR,,,"740",,,"740",,
"8462",0.5,1.5,86477503451.7671,"86478",French Guiana Exclusive Economic Zone,8683,200NM,17,French Guiana,GUF,France,0,0,,,,0,0,,,,-51.75452,6.69127,8462,131554,FRA,,,"250",,,"254",,
"8463",0.5,1.5,2307609630090.94,"2307610",United States Exclusive Economic Zone (Alaska),8684,200NM,2204,Alaska,,United States,0,0,,,,0,0,,,,-119.97660,59.01170,8463,3682912,USA,,,"840",,,,,
"8464",0.5,1.5,2459983551783.42,"2459984",Brazilian Exclusive Economic Zone,2143,200NM,2143,Brazil,BRA,Brazil,0,0,,,,0,0,,,,-39.44423,-11.09799,8464,3205183,BRA,,,"76",,,"76",,
"8465",0.5,1.5,2269855611065.29,"2269856",Chilean Exclusive Economic Zone,2165,200NM,2165,Chile,CHL,Chile,0,0,,,,0,0,,,,-75.62881,-40.98629,8465,2488052,CHL,,,"152",,,"152",,
"8466",0.5,1.5,277281591062.272,"277282",Argentinean Exclusive Economic Zone,2149,200NM,2149,Argentina,ARG,Argentina,0,0,,,,0,0,,,,-62.15950,-47.08999,8466,1072053,ARG,,,"32",,,"32",,
"8467",0.5,1.5,67742362352.9689,"67742",Uruguayan Exclusive Economic Zone,2216,200NM,2216,Uruguay,URY,Uruguay,0,0,,,,0,0,,,,-53.32143,-35.78927,8467,143092,URY,,,"858",,,"858",,
"8469",0.5,1.5,90947925520.2953,"90948",Iranian Exclusive Economic Zone,2126,200NM,2126,Iran,IRN,Iran,0,0,,,,0,0,,,,53.88540,29.78242,8469,215332,IRN,,,"364",,,"364",,
"8471",0.5,1.5,68904480738.9114,"68904",Guinea Bissau Exclusive Economic Zone,8685,200NM,8685,Guinea-Bissau,GNB,Guinea-Bissau,0,0,,,,0,0,,,,-17.56720,10.58066,8471,106870,GNB,,,"624",,,"624",,
"8472",0.5,1.5,52533866164.6324,"52534",Guinean Exclusive Economic Zone,2122,200NM,2122,Guinea,GIN,Guinea,0,0,,,,0,0,,,,-15.62051,9.18114,8472,102163,GIN,,,"324",,,"324",,
"8473",0.5,1.5,158499305627.143,"158499",Ivory Coast Exclusive Economic Zone,2161,200NM,2161,Ivory Coast,CIV,Ivory Coast,0,0,,,,0,0,,,,-5.45221,3.30891,8473,171760,CIV,,,"384",,,"384",,
"8474",0.5,1.5,134673883719.104,"134674",Nigerian Exclusive Economic Zone,2253,200NM,2253,Nigeria,NGA,Nigeria,0,0,,,,0,0,,,,4.82275,4.08512,8474,179048,NGA,,,"566",,,"566",,
"8475",0.5,1.5,2984317262.4298,"2984",Cameroonian Exclusive Economic Zone,2170,200NM,2170,Cameroon,CMR,Cameroon,0,0,,,,0,0,,,,9.31089,3.46278,8475,15143,CMR,,,"120",,,"120",,
"8476",0.5,1.5,160509513933.653,"160510",Gabonese Exclusive Economic Zone,2104,200NM,2104,Gabon,GAB,Gabon,0,0,,,,0,0,,,,8.73897,-3.06254,8476,201759,GAB,,,"266",,,"266",,
"8477",0.5,1.5,10613672322.1657,"10614",Democratic Republic of the Congo Exclusive Economic Zone,2198,200NM,2198,Democratic Republic of the Congo,COD,Democratic Republic of the Congo,0,0,,,,0,0,,,,10.73256,-6.40153,8477,13373,COD,,,"180",,,"180",,
"8478",0.5,1.5,444740346432.958,"444740",Angolan Exclusive Economic Zone,2150,200NM,2150,Angola,AGO,Angola,0,0,,,,0,0,,,,11.03537,-11.70110,8478,495866,AGO,,,"24",,,"24",,
"8479",0.5,1.5,222557161885.593,"222557",Tanzanian Exclusive Economic Zone,2205,200NM,2205,Tanzania,TZA,Tanzania,0,0,,,,0,0,,,,41.16860,-7.21087,8479,241567,TZA,,,"834",,,"834",,
"8480",0.5,1.5,1269087194656.62,"1269087",Indian Exclusive Economic Zone,2128,200NM,2128,India,IND,India,0,0,,,,0,0,,,,76.08532,14.59800,8480,1659487,IND,,,"356",,,"356",,
"8481",0.5,1.5,46893281282.246,"46893",Bangladeshi Exclusive Economic Zone,2142,200NM,2142,Bangladesh,BGD,Bangladesh,0,0,,,,0,0,,,,90.56153,20.47561,8481,112166,BGD,,,"50",,,"50",,
"8482",0.5,1.5,273652802221.565,"273653",Myanmar Exclusive Economic Zone,2219,200NM,2219,Myanmar,MMR,Myanmar,0,0,,,,0,0,,,,94.65552,14.99651,8482,497460,MMR,,,"104",,,"104",,
"8483",0.5,1.5,122155402308.578,"122155",Malaysian Exclusive Economic Zone,2230,200NM,2230,Malaysia,MYS,Malaysia,0,0,,,,0,0,,,,109.11830,5.17569,8483,510804,MYS,,,"458",,,"458",,
"8484",0.5,1.5,349249013315.321,"349249",Vietnamese Exclusive Economic Zone,2200,200NM,2200,Vietnam,VNM,Vietnam,0,0,,,,0,0,,,,108.75813,11.61103,8484,750958,VNM,,,"704",,,"704",,
"8486",0.5,1.5,120920399715.791,"120920",Chinese Exclusive Economic Zone,8603,200NM,8603,China,CHN,China,0,0,,,,0,0,,,,118.14570,27.73853,8486,963556,CHN,,,"156",,,"156",,
"8487",0.5,1.5,3748808179160.8,"3748808",Japanese Exclusive Economic Zone,2121,200NM,2121,Japan,JPN,Japan,0,0,,,,0,0,,,,138.44863,29.55656,8487,4066513,JPN,,,"392",,,"392",,
"8488",0.5,1.5,1048679342239.53,"1048679",Kiribati Exclusive Economic Zone (Gilbert Islands),17597,200NM,2116,Gilbert Islands,KIR,Kiribati,0,0,,,,0,0,,,,172.78214,-0.25912,8488,1053245,KIR,,,"296",,,"296",,
"8489",0.5,1.5,9370988468559.49,"9370988",Antarctic 200NM zone beyond the coastline,1926,200NM,1926,Antarctica,ATA,Antarctica,0,0,,,,0,0,,,,-10.97520,-71.11227,8489,9618978,ATA,,,"10",,,"10",,
"8490",0.5,1.5,196308078978.25,"196308",Egyptian Exclusive Economic Zone,3868,200NM,3868,Egypt,EGY,Egypt,0,0,,,,0,0,,,,31.15030,30.45123,8490,243342,EGY,,,"818",,,"818",,
"8491",0.5,1.5,76454072.5404535,"76",Jordanian Exclusive Economic Zone,2120,200NM,2120,Jordan,JOR,Jordan,0,0,,,,0,0,,,,34.94683,29.43517,8491,97,JOR,,,"400",,,"400",,
"8492",0.5,1.5,4114109103471.28,"4114109",Indonesian Exclusive Economic Zone,2127,200NM,2127,Indonesia,IDN,Indonesia,0,0,,,,0,0,,,,117.89096,-3.30391,8492,6020917,IDN,,,"360",,,"360",,
"8493",0.5,1.5,3088858428430.96,"3088858",Canadian Exclusive Economic Zone,2169,200NM,2169,Canada,CAN,Canada,0,0,,,,0,0,,,,-89.94201,68.58777,8493,5740544,CAN,,,"124",,,"124",,
"8494",0.5,1.5,4511917403.11057,"4512",Saint-Pierre and Miquelon Exclusive Economic Zone,8686,200NM,17,Saint-Pierre and Miquelon,SPM,France,0,0,,,,0,0,,,,-56.38701,45.85719,8494,12414,FRA,,,"250",,,"666",,
"8495",0.5,1.5,663866102.495324,"664",Saint-Martin Exclusive Economic Zone,8688,200NM,17,Collectivity of Saint Martin,MAF,France,0,0,,,,0,0,,,,-63.20282,18.03469,8495,1100,FRA,,,"250",,,"663",,
"8758",0.5,1.5,48480613004.8891,"48481",East Timorian Exclusive Economic Zone,8757,200NM,8757,East Timor,TLS,East Timor,0,0,,,,0,0,,,,126.85410,-9.78156,8758,75647,TLS,,,"626",,,"626",,
"21787",0.5,1.5,729540143916.701,"729540",Chilean Exclusive Economic Zone (Easter Island),15120,200NM,2165,Easter Island,,Chile,0,0,,,,0,0,,,,-107.43869,-26.82400,21787,729763,CHL,,,"152",,,,,
"21790",0.5,1.5,278631587.641415,"279",Monégasque Exclusive Economic Zone,2222,200NM,2222,Monaco,MCO,Monaco,0,0,,,,0,0,,,,7.58768,43.34802,21790,288,MCO,,,"492",,,"492",,
"21791",0.5,1.5,1762565950.14969,"1763",Oecussi Ambeno Exclusive Economic Zone,26234,200NM,8757,Oecusse,,East Timor,0,0,,,,0,0,,,,124.27075,-9.04989,21791,1826,TLS,,,"626",,,,,
"21792",0.5,1.5,14870765720.0326,"14871",Joint regime area Colombia / Jamaica,8682,Joint regime,8682,Jamaica,JAM,Jamaica,2175,2175,Colombia,COL,Colombia,0,0,,,,-79.14572,15.47035,21792,15247,JAM,COL,,"388","170",,"388","170",
"21796",0.5,1.5,30743731215.6941,"30744",Joint regime area Japan / Korea,8600,Joint regime,8600,South Korea,KOR,South Korea,2121,2121,Japan,JPN,Japan,0,0,,,,127.57808,30.81396,21796,82610,KOR,JPN,,"410","392",,"410","392",
"21797",0.5,1.5,34535254644.662,"34535",Joint regime area Nigeria / Sao Tome and Principe,2238,Joint regime,2238,Sao Tome and Principe,STP,Sao Tome and Principe,2253,2253,Nigeria,NGA,Nigeria,0,0,,,,5.58699,2.06760,21797,34534,STP,NGA,,"678","566",,"678","566",
"21803",0.5,1.5,333255674.278834,"333",Sint-Maarten Exclusive Economic Zone,21802,200NM,15,Sint-Maarten,SXM,Netherlands,0,0,,,,0,0,,,,-63.12285,17.93813,21803,466,NLD,,,"528",,,"534",,
"22756",0.5,1.5,450541374216.456,"450541",Chilean Exclusive Economic Zone (San Felix and San Ambrosio islands),25135,200NM,2165,Islas San Félix and San Ambrosio,CHL,Chile,0,0,,,,0,0,,,,-79.99086,-26.33091,22756,450960,CHL,,,"152",,,"152",,
"26517",0.5,1.5,25241319678.2209,"25241",Curaçaoan Exclusive Economic Zone,19143,200NM,15,Curaçao,CUW,Netherlands,0,0,,,,0,0,,,,-68.97176,13.16246,26517,25401,NLD,,,"528",,,"531",,
"26518",0.5,1.5,7178354166.67909,"7178",Saba Exclusive Economic Zone,19095,200NM,15,Saba,BES,Netherlands,0,0,,,,0,0,,,,-63.60185,17.37739,26518,9487,NLD,,,"528",,,"535",,
"26519",0.5,1.5,28299140609.5829,"28299",Aruban Exclusive Economic Zone,8652,200NM,15,Aruba,ABW,Netherlands,0,0,,,,0,0,,,,-69.67341,13.74138,26519,30015,NLD,,,"528",,,"533",,
"26520",0.5,1.5,12919521191.871,"12920",Bonaire Exclusive Economic Zone,15074,200NM,15,Bonaire,BES,Netherlands,0,0,,,,0,0,,,,-68.36978,12.71120,26520,13005,NLD,,,"528",,,"535",,
"26521",0.5,1.5,34061989984.335,"34062",Bruneian Exclusive Economic Zone,2145,200NM,2145,Brunei,BRN,Brunei,0,0,,,,0,0,,,,113.38744,6.05934,26521,43144,BRN,,,"96",,,"96",,
"26522",0.5,1.5,19252141749.3893,"19252",Kazakh Exclusive Economic Zone,2119,200NM,2119,Kazakhstan,KAZ,Kazakhstan,0,0,,,,0,0,,,,51.01440,44.47442,26522,114383,KAZ,,,"398",,,"398",,
"26523",0.5,1.5,3290191756.53258,"3290",Turkmen Exclusive Economic Zone,2212,200NM,2212,Turkmenistan,TKM,Turkmenistan,0,0,,,,0,0,,,,52.63853,39.29232,26523,61226,TKM,,,"795",,,"795",,
"26524",0.5,1.5,50891043176.3534,"50891",Azerbaijanis Exclusive Economic Zone,2134,200NM,2134,Azerbaijan,AZE,Azerbaijan,0,0,,,,0,0,,,,50.33172,40.28350,26524,80614,AZE,,,"31",,,"31",,
"26526",0.5,1.5,2003058626.77424,"2003",Sint-Eustatius Exclusive Economic Zone,26525,200NM,15,Sint-Eustatius,BES,Netherlands,0,0,,,,0,0,,,,-63.12987,17.33890,26526,2176,NLD,,,"528",,,"535",,
"26582",0.5,1.5,14751721776.5168,"14752",Overlapping claim: Sudan / Egypt,2183,Overlapping claim,2183,Sudan,SDN,Sudan,3868,3868,Egypt,EGY,Egypt,0,0,,,,36.87917,22.61164,26582,19734,SDN,EGY,,"729","818",,"729","818",
"33176",0.5,1.5,50206721626.3016,"50207",Overlapping claim: Kenya / Somalia,2118,Overlapping claim,2118,Kenya,KEN,Kenya,2187,2187,Federal Republic of Somalia,SOM,Federal Republic of Somalia,0,0,,,,43.90490,-2.28224,33176,50229,KEN,SOM,,"404","706",,"404","706",
"33177",0.5,1.5,88885744123.9748,"88886",Guadeloupean Exclusive Economic Zone,8654,200NM,17,Guadeloupe,GLP,France,0,0,,,,0,0,,,,-59.85044,16.79880,33177,90705,FRA,,,"250",,,"312",,
"33178",0.5,1.5,46240642199.0231,"46241",Martinican Exclusive Economic Zone,8655,200NM,17,Martinique,MTQ,France,0,0,,,,0,0,,,,-60.20055,14.97512,33178,47787,FRA,,,"250",,,"474",,
"33179",0.5,1.5,149001418366.648,"149001",Puerto Rican Exclusive Economic Zone,8641,200NM,2204,Puerto Rico,PRI,United States,0,0,,,,0,0,,,,-66.78687,17.79821,33179,154661,USA,,,"840",,,"630",,
"33180",0.5,1.5,36275194565.713,"36275",Virgin Islander Exclusive Economic Zone,8642,200NM,2204,United States Virgin Islands,VIR,United States,0,0,,,,0,0,,,,-64.92435,17.25496,33180,38275,USA,,,"840",,,"850",,
"33181",0.5,1.5,554795285088.769,"554795",Svalbard Exclusive Economic Zone,5334,200NM,2252,Svalbard,SJM,Norway,0,0,,,,0,0,,,,18.28904,78.71340,33181,797063,NOR,,,"578",,,"744",,
"33185",0.5,1.5,3591564891.46843,"3592",Overlapping claim: Trinidad and Tobago / Venezuela / Guyana,2124,Overlapping claim,2124,Guyana,GUY,Guyana,2186,2186,Trinidad and Tobago,TTO,Trinidad and Tobago,2201,2201,Venezuela,VEN,Venezuela,-57.88712,10.56539,33185,3612,GUY,TTO,VEN,"328","780","862","328","780","862"
"48943",0.5,1.5,23313495179.3744,"23313",Overlapping claim: Canada / USA,2169,Overlapping claim,2169,Canada,CAN,Canada,2204,2204,United States,USA,United States,0,0,,,,-139.85200,72.03395,48943,24772,CAN,USA,,"124","840",,"124","840",
"48944",0.5,1.5,65394464408.1357,"65394",Overlapping claim Mayotte: France / Comoros,8606,Overlapping claim,17,Mayotte,MYT,France,8606,2163,Mayotte,MYT,Comores,0,0,,,,45.30656,-13.21698,48944,66738,FRA,COM,,"250","174","0","175","175","0"
"48945",0.5,1.5,42669123220.4829,"42669",Overlapping claim Glorioso Islands: France / Madagascar,8607,Overlapping claim,7963,Glorioso Islands,,Madagascar,8607,17,Glorioso Islands,ATF,France,0,0,,,,47.09690,-11.61810,48945,43506,MDG,FRA,,"450","250",,,"260",
"48946",0.5,1.5,274443939011.768,"274444",Overlapping claim Ile Tromelin: Reunion / Madagascar / Mauritus,8613,Overlapping claim,17,Ile Tromelin,,France,8613,7963,Ile Tromelin,,Madagascar,8613,8614,Ile Tromelin,,Republic of Mauritius,54.67305,-15.71127,48946,274555,FRA,MDG,MUS,"250","450","480",,,
"48948",0.5,1.5,184403157630.785,"184403",Overlapping claim Matthew and Hunter Islands: New Caledonia / Vanuatu,49593,Overlapping claim,17,Matthew and Hunter Islands,,France,49593,2202,Matthew and Hunter Islands,,Vanuatu,0,0,,,,172.03655,-23.27911,48948,187184,FRA,VUT,,"250","548",,,,
"48950",0.5,1.5,193499685931.584,"193500",Overlapping claim Kuril Islands: Japan / Russia,9011,Overlapping claim,2121,Kuril Islands,,Japan,9011,2240,Kuril Islands,,Russia,0,0,,,,147.96154,43.88606,48950,213723,JPN,RUS,,"392","643",,,,
"48951",0.5,1.5,13859292869.3597,"13859",Overlapping claim Navassa Island: USA / Haiti / Jamaica,20312,Overlapping claim,8639,Navassa Island,,Haiti,20312,2204,Navassa Island,,United States,20312,8682,Navassa Island,,Jamaica,-75.18373,18.33814,48951,13890,HTI,USA,JAM,"332","840","388",,,
"48952",0.5,1.5,2380614283.51117,"2381",Saint-Barthélemy Exclusive Economic Zone,19099,200NM,17,Saint-Barthélemy,BLM,France,0,0,,,,0,0,,,,-62.62740,17.93270,48952,4179,FRA,,,"250",,,"652",,
"48953",0.5,1.5,351876323.958803,"352",Palestinian Exclusive Economic Zone,15525,200NM,15525,Palestine,PSE,Palestine,2123,2123,Israel,ISR,Israel,0,0,,,,34.23444,31.56915,48953,1120,PSE,ISR,,"275","376",,"275","376",
"48954",0.5,1.5,23149866459.7788,"23150",Overlapping claim Senkaku Islands: Japan / China / Taiwan,48936,Overlapping claim,2177,Senkaku Islands,,Taiwan,48936,2121,Senkaku Islands,,Japan,48936,8603,Senkaku Islands,,China,124.12211,26.52080,48954,73794,TWN,JPN,CHN,"158","392","156","0","0","0"
"48955",0.5,1.5,1510922582.41083,"1511",Overlapping claim Liancourt Rocks: Japan / South Korea,48935,Overlapping claim,2121,Liancourt Rocks,,Japan,48935,8600,Liancourt Rocks,,South Korea,0,0,,,,131.86633,37.24233,48955,1624,JPN,KOR,,"392","410",,,,
"48956",0.5,1.5,29660275.0679561,"30",Overlapping claim Doumeira Islands: Djibouti / Eritrea,48934,Overlapping claim,2111,Doumeira Islands,,Eritrea,48934,2131,Doumeira Islands,,Djibouti,0,0,,,,43.22221,12.75889,48956,245,ERI,DJI,,"232","262",,,,
"48957",0.5,1.5,207948816069.855,"207949",Guam Exclusive Economic Zone,8599,200NM,2204,Guam,GUM,United States,0,0,,,,0,0,,,,144.00261,12.92958,48957,208234,USA,,,"840",,,"316",,
"48962",0.5,1.5,14318077425.5466,"14318",Joint regime area Peru / Ecuador,2257,Joint regime,2257,Peru,PER,Peru,2166,2166,Ecuador,ECU,Ecuador,0,0,,,,-82.53248,-3.38858,48962,16097,PER,ECU,,"604","218",,"604","218",
"48964",0.5,1.5,60855194317.7021,"60855",Joint regime area Senegal / Guinea Bissau,2225,Joint regime,2225,Senegal,SEN,Senegal,8685,8685,Guinea-Bissau,GNB,Guinea-Bissau,0,0,,,,-18.77443,11.26100,48964,63460,SEN,GNB,,"686","624",,"686","624",
"48965",0.5,1.5,1114755628.62532,"1115",Overlapping claim: Venezuela / Aruba / Dominican Republic,2201,Overlapping claim,2201,Venezuela,VEN,Venezuela,8652,15,Aruba,ABW,Netherlands,8640,8640,Dominican Republic,DOM,Dominican Republic,-69.65326,15.30381,48965,1113,VEN,NLD,DOM,"862","528","214","862","533","214"
"48966",0.5,1.5,2859508814.52048,"2860",Joint regime area Spain / France,17,Joint regime,17,France,FRA,France,2185,2185,Spain,ESP,Spain,0,0,,,,-5.33333,45.25417,48966,2859,FRA,ESP,,"250","724",,"250","724",
"48967",0.5,1.5,7937226553.58233,"7937",Joint regime area United Kingdom / Denmark (Faeroe Islands),2208,Joint regime,2208,United Kingdom,GBR,United Kingdom,3297,2157,Faeroe,FRO,Denmark,0,0,,,,-7.51858,60.03609,48967,8011,GBR,DNK,,"826","208",,"826","234",
"48968",0.5,1.5,17337172498.3643,"17337",Joint regime area Costa Rica / Ecuador (Galapagos),2162,Joint regime,2162,Costa Rica,CRI,Costa Rica,5660,2166,Galapagos,,Ecuador,0,0,,,,-88.84132,3.22641,48968,17337,CRI,ECU,,"188","218",,"188",,
"48969",0.5,1.5,67157522.338736,"67",Joint regime area Guyana / Barbados,8649,Joint regime,8649,Barbados,BRB,Barbados,2124,2124,Guyana,GUY,Guyana,0,0,,,,-57.13214,10.68079,48969,67,BRB,GUY,,"52","328",,"52","328",
"48970",0.5,1.5,13110200917.407,"13110",Joint regime area Colombia / Dominican Republic,8640,Joint regime,8640,Dominican Republic,DOM,Dominican Republic,2175,2175,Colombia,COL,Colombia,0,0,,,,-72.50386,15.01851,48970,13111,DOM,COL,,"214","170",,"214","170",
"48971",0.5,1.5,863174610.299705,"863",Overlapping claim: Venezuela / Colombia / Dominican Republic,2175,Overlapping claim,2175,Colombia,COL,Colombia,8640,8640,Dominican Republic,DOM,Dominican Republic,2201,2201,Venezuela,VEN,Venezuela,-71.09015,15.05334,48971,869,COL,DOM,VEN,"170","214","862","170","214","862"
"48972",0.5,1.5,1530599080.89317,"1531",Joint regime area Honduras / Cayman Islands,2103,Joint regime,2103,Honduras,HND,Honduras,8638,2208,Cayman Islands,CYM,United Kingdom,0,0,,,,-83.94222,18.70111,48972,2075,HND,GBR,,"340","826",,"340","136",
"48973",0.5,1.5,1271646680.51606,"1272",Joint regime area Iceland / Denmark (Faeroe Islands),3297,Joint regime,2157,Faeroe,FRO,Denmark,2129,2129,Iceland,ISL,Iceland,0,0,,,,-10.98204,63.15298,48973,1234,DNK,ISL,,"208","352",,"234","352",
"48974",0.5,1.5,18526142778.8212,"18526",Joint regime area Ecuador / Colombia,2166,Joint regime,2166,Ecuador,ECU,Ecuador,2175,2175,Colombia,COL,Colombia,0,0,,,,-81.43712,1.46058,48974,18663,ECU,COL,,"218","170",,"218","170",
"48975",0.5,1.5,45398429278.1085,"45398",Joint regime area Iceland / Norway (Jan Mayen),2129,Joint regime,2129,Iceland,ISL,Iceland,5343,2252,Jan Mayen,SJM,Norway,0,0,,,,-8.50000,69.29167,48975,45532,ISL,NOR,,"352","578",,"352","744",
"48977",0.5,1.5,1867431.94286778,"2",Joint regime area Sweden / Norway,2252,Joint regime,2252,Norway,NOR,Norway,2180,2180,Sweden,SWE,Sweden,0,0,,,,10.50095,58.80998,48977,140,NOR,SWE,,"578","752",,"578","752",
"48978",0.5,1.5,7708011136.60505,"7708",Joint regime area United States / Russia,2204,Joint regime,2204,United States,USA,United States,2240,2240,Russia,RUS,Russia,0,0,,,,-16.90039,61.18062,48978,8521,USA,RUS,,"840","643",,"840","643",
"48980",0.5,1.5,762888921060.715,"762889",Northern Mariana Exclusive Economic Zone,8598,200NM,2204,Northern Mariana Islands,MNP,United States,0,0,,,,0,0,,,,145.73933,18.28660,48980,763626,USA,,,"840",,,"580",,
"48982",0.5,1.5,18299136543.5453,"18299",Overlapping claim: Puerto Rico / Dominican Republic,8641,Overlapping claim,2204,Puerto Rico,PRI,United States,8640,8640,Dominican Republic,DOM,Dominican Republic,0,0,,,,-66.84125,20.89448,48982,18297,USA,DOM,,"840","214",,"630","214",
"48984",0.5,1.5,638208772.655973,"638",Colombian Exclusive Economic Zone (Serranilla),5772,200NM,2175,Serranilla Bank,,Colombia,0,0,,,,0,0,,,,-79.85562,15.79719,48984,1552,COL,,,"170",,,,,
"48985",0.5,1.5,1285386782.22093,"1285",Colombian Exclusive Economic Zone (Bajo Nuevo),48983,200NM,2175,Bajo Nuevo Bank,,Colombia,0,0,,,,0,0,,,,-78.63333,15.84999,48985,1550,COL,,,"170",,,,,
"49003",0.5,1.5,329325047305.794,"329325",Overlapping claim South China Sea,0,Overlapping claim,8603,China,CHN,China,0,0,,,,0,0,,,,114.10176,13.14179,49003,338839,CHN,,,"156","0","0","156","0","0"
"62589",0.5,1.5,629572929684.087,"629573",Chagos Archipelago Exclusive Economic Zone,8616,200NM,8614,Chagos Archipelago,,Mauritius,0,0,,,,0,0,,,,72.00202,-6.53945,62589,650804,MUS,,,"480",,,,,
"62596",0.5,1.5,2346462438.16424,"2346",Colombian Exclusive Economic Zone (Serrana),5770,200NM,2175,Serrana Bank,,Colombia,0,0,,,,0,0,,,,-80.30185,14.38087,62596,2838,COL,,,"170",,,,,
"62598",0.5,1.5,2672930172.18304,"2673",Colombian Exclusive Economic Zone (Quitasueño),5765,200NM,2175,Quitasueño Bank,,Colombia,0,0,,,,0,0,,,,-81.16088,14.30362,62598,3689,COL,,,"170","0","0","0","0","0"
